0,जायेगा,0.0296175277539
0,ओआइसी,0.0145398384002
0,37,0.0127603952227
0,लोधारी,0.0123862234316
0,गई,,0.0109608734335
0,(आरएबी),0.0106704062246
0,इंटरस्टेलर,0.0105455715004
0,खिलाड़ी,0.0102206146511
0,खूबसूरती,0.0061669164784
0,दी।नेशनल,0.00587361583925
1,‘अनारकली’,0.00658907993448
1,तम्बाकू,0.00466498764631
1,रहे।एजुकेशन,0.00232852457191
1,मड़ियांव,0.00175790493575
1,की.एसएसपी,0.00170563724238
1,(पुराना,0.00132781149884
1,जुडऩे,0.000904948801072
1,खेले।पुजारा,0.000742686166483
1,दिया.एसएसपी,0.000605548173164
1,पढ़ें,0.000485202405449
2,जुलाई,0.00987138163532
2,कार्यरत,0.00758819825709
2,ऑफिसर-,0.00731958349926
2,मुस्लिम,,0.00726776024247
2,निर्देशों,0.006938954865
2,जाएंगे।हॉंगकॉंग,0.00686269329797
2,GST,0.00538793484627
2,घोषणाहाल,0.00496116776742
2,राकेश,0.00404484529732
2,ख़बर,0.00393448120284
3,गया...इंदिरापुरम,0.0026656612412
3,‘‘सारे,0.00166834235887
3,दीं।,0.000783088803704
3,गया।गंभीर,0.000694826807897
3,चेन्नीतला,0.000631258110713
3,रंगीला,0.00060034956387
3,शशिकला,0.000497578231916
3,करेल,0.000491334443881
3,दी।बता,0.000419121525175
3,करूंगा,0.000392130715204
4,राव।रेवाड़ी।,0.0036650845798
4,टाटा-छपरा,0.00317148156681
4,यसीन,0.00269119676126
4,गई।इंटरनेट,0.00256655539722
4,मित्र,0.00241987435853
4,Act,,0.00238294787129
4,कच्छथीवू,0.00202207862948
4,'शि',0.00197958727386
4,सिद्धार्थ,0.00159028439123
4,देह,0.00142898404558
5,हैं.पंकज,0.0120311198146
5,ट्विटरमुंबई:,0.00863238305388
5,बनकर,0.00776593809462
5,शरीर,0.0073290880514
5,पेट,0.00702617177164
5,आकार,0.00671005360923
5,शाहजहांपुर।,0.00670906216036
5,वसन,0.00632990142377
5,इनडोर,0.00612465991965
5,फल,0.00584242182917
6,मारा,0.0127981080167
6,डरावने,0.00937158149974
6,नगरी,0.00933952592685
6,380,0.00525045899936
6,चलन,0.00485172947826
6,खुलने,0.00471988244928
6,आरतीयों,0.00433249661229
6,झाड़ियों,0.00395444703412
6,फोटो।प.चंपारण।,0.00375425691306
6,नवीनतम,0.00354668147423
7,आएंगे।,0.00935001274705
7,स्टूडेंट,0.0088315508729
7,कराएं,0.00719816385521
7,नोटिसइस,0.00686716039336
7,आरक्षण,0.00662543561323
7,प्रोजेक्टर,0.00581472052432
7,खोली,0.00558529482976
7,नौसेना,0.00544607878209
7,कृष्ण,0.00467690207173
7,मांगकर,0.00463934490292
8,पीएम,0.0133204990427
8,निवास,0.0128350565693
8,बेटी',0.00704752913681
8,खरीदे।,0.00659872738789
8,नियंत्रण,0.00640918964162
8,समुचित,0.0062397060612
8,धुआं,0.00386219352823
8,फिल्मकारों,0.00359227515605
8,फायरवहीं,0.0032983272996
8,डफरिन,0.00315515549457
9,नवीनीकृत,0.0141754631643
9,सिद्धू,0.011175554892
9,✈️,0.00800348711312
9,Mumbai.,0.00711282285662
9,आदित्य,0.00628051513691
9,जाए.Whatever,0.00552006179769
9,चपेट,0.00511486764836
9,है.दरअसल,0.00440895875307
9,डायरेक्टर,0.00407984376248
9,सोयेंगे,0.00387281260489
